scheme_code,scheme_name,nav,nav_date,amc,category,cagr_1y,cagr_3y,cagr_5y,volatility,sharpe_ratio,max_drawdown,expense_ratio,aum_cr,sector,composite_score
154043,Abakkus Flexi Cap Fund - Direct - Growth,9.114,31-Mar-2026,Abakkus Mutual Fund,Flexi Cap,20.33,13.58,17.51,12.04,0.95,-24.61,2.33,4403.0,-,3.39
154045,Abakkus Flexi Cap Fund - Direct - IDCW,9.118,31-Mar-2026,Abakkus Mutual Fund,Flexi Cap,18.18,18.05,14.23,27.79,1.83,-33.06,2.47,5847.0,-,5.78
154041,Abakkus Flexi Cap Fund - Regular - Growth,9.08,31-Mar-2026,Abakkus Mutual Fund,Flexi Cap,19.47,17.01,16.06,21.91,1.79,-10.75,0.13,79044.0,-,17.09
154042,Abakkus Flexi Cap Fund - Regular - IDCW,9.08,31-Mar-2026,Abakkus Mutual Fund,Flexi Cap,17.98,13.49,17.99,13.9,1.07,-6.12,0.6,42896.0,-,13.11
120564,Aditya Birla Sun Life Flexi Cap Fund - Growth - Direct Plan,1864.57,31-Mar-2026,Aditya Birla Sun Life Mutual Fund,Flexi Cap,23.99,16.34,13.22,16.56,1.6,-33.63,0.15,4292.0,-,8.11
103166,Aditya Birla Sun Life Flexi Cap Fund - Growth - Regular Plan,1659.16,31-Mar-2026,Aditya Birla Sun Life Mutual Fund,Flexi Cap,14.69,14.38,16.47,16.63,1.58,-34.75,0.7,7487.0,-,6.77
120565,Aditya Birla Sun Life Flexi Cap Fund -DIRECT - IDCW,203.01,31-Mar-2026,Aditya Birla Sun Life Mutual Fund,Flexi Cap,16.36,16.73,12.15,23.56,1.33,-19.43,1.49,8836.0,-,8.18
103165,Aditya Birla Sun Life Flexi Cap Fund -Regular - IDCW,142.94,31-Mar-2026,Aditya Birla Sun Life Mutual Fund,Flexi Cap,19.18,13.29,17.14,8.04,1.24,-13.03,2.3,55657.0,-,8.15
141925,Axis Flexi Cap Fund - Direct Plan - Growth,26.07,31-Mar-2026,Axis Mutual Fund,Flexi Cap,9.38,15.05,13.48,10.01,0.84,-9.93,2.03,27324.0,-,7.23
141926,Axis Flexi Cap fund - Direct Plan - IDCW,16.13,31-Mar-2026,Axis Mutual Fund,Flexi Cap,16.3,16.71,17.6,24.66,1.28,-29.82,0.34,39628.0,-,8.74
141927,Axis Flexi Cap Fund - Regular Plan - Growth,23.44,31-Mar-2026,Axis Mutual Fund,Flexi Cap,16.24,13.85,13.55,19.74,1.23,-6.16,2.07,63034.0,-,9.77
141928,Axis Flexi Cap Fund - Regular Plan - IDCW,14.65,31-Mar-2026,Axis Mutual Fund,Flexi Cap,18.89,14.35,14.09,23.96,1.48,-28.06,1.62,14187.0,-,5.71
151898,Bajaj Finserv Flexi Cap Fund -Regular Plan-Growth,13.166,31-Mar-2026,Bajaj Finserv Mutual Fund,Flexi Cap,10.44,14.6,17.93,10.39,0.43,-19.22,2.32,36653.0,-,2.96
151895,Bajaj Finserv Flexi Cap Fund-Direct Plan-Growth,13.66,31-Mar-2026,Bajaj Finserv Mutual Fund,Flexi Cap,17.35,14.31,15.21,11.19,0.54,-7.24,1.89,47936.0,-,7.03
151896,Bajaj Finserv Flexi Cap Fund-Direct Plan-IDCW,13.66,31-Mar-2026,Bajaj Finserv Mutual Fund,Flexi Cap,15.14,12.22,17.28,27.8,1.98,-11.12,2.13,65024.0,-,12.38
151897,Bajaj Finserv Flexi Cap Fund-Regular Plan-IDCW,13.166,31-Mar-2026,Bajaj Finserv Mutual Fund,Flexi Cap,20.42,16.78,13.05,25.4,1.05,-20.31,2.21,18597.0,-,5.36
108594,BANDHAN Flexi Cap Fund - Regular Plan - Growth,186.786,31-Mar-2026,Bandhan Mutual Fund,Flexi Cap,10.34,16.62,12.2,21.76,1.34,-30.81,0.23,13338.0,-,7.31
108595,BANDHAN Flexi Cap Fund - Regular Plan - IDCW,41.806,31-Mar-2026,Bandhan Mutual Fund,Flexi Cap,17.39,18.5,16.25,8.91,1.1,-21.93,1.35,6711.0,-,8.5
118424,BANDHAN Flexi Cap Fund-Direct Plan-Growth,205.256,31-Mar-2026,Bandhan Mutual Fund,Flexi Cap,12.44,18.33,14.17,24.42,0.98,-19.98,1.24,70482.0,-,8.01
118423,BANDHAN Flexi Cap Fund-Direct Plan-IDCW,45.773,31-Mar-2026,Bandhan Mutual Fund,Flexi Cap,11.11,15.31,15.87,17.9,1.77,-26.85,0.92,548.0,-,9.84
148404,BANK OF INDIA Flexi Cap Fund Direct Plan -Growth,34.77,31-Mar-2026,Bank of India Mutual Fund,Flexi Cap,16.09,19.46,13.53,14.74,0.46,-5.71,1.42,39425.0,-,9.59
148406,BANK OF INDIA Flexi Cap Fund Direct Plan -IDCW,29.72,31-Mar-2026,Bank of India Mutual Fund,Flexi Cap,22.61,13.5,14.58,13.42,1.38,-21.46,1.71,5680.0,-,6.82
148405,BANK OF INDIA Flexi Cap Fund Regular Plan -Growth,31.79,31-Mar-2026,Bank of India Mutual Fund,Flexi Cap,19.89,18.16,15.78,26.72,2.17,-26.34,2.04,5126.0,-,10.87
148407,BANK OF INDIA Flexi Cap Fund Regular Plan -IDCW,28.89,31-Mar-2026,Bank of India Mutual Fund,Flexi Cap,15.15,13.13,12.92,20.83,0.62,-28.21,1.22,56879.0,-,1.33
150387,Baroda BNP Paribas Flexi Cap Fund - Direct Plan - Growth Option,14.5169,31-Mar-2026,Baroda BNP Paribas Mutual Fund,Flexi Cap,16.44,13.95,16.38,16.76,1.7,-10.04,0.48,45669.0,-,15.02
150388,Baroda BNP Paribas Flexi Cap Fund - Direct Plan - IDCW Option,12.1238,31-Mar-2026,Baroda BNP Paribas Mutual Fund,Flexi Cap,15.77,16.07,16.14,27.51,1.93,-33.5,1.84,74872.0,-,7.19
150385,Baroda BNP Paribas Flexi Cap Fund - Regular Plan - Growth Option,13.8066,31-Mar-2026,Baroda BNP Paribas Mutual Fund,Flexi Cap,14.4,12.88,15.82,8.19,1.66,-13.28,2.25,7296.0,-,9.71
150386,Baroda BNP Paribas Flexi Cap Fund - Regular Plan - IDCW Option,11.5273,31-Mar-2026,Baroda BNP Paribas Mutual Fund,Flexi Cap,9.48,13.8,16.52,21.84,1.24,-17.55,1.35,22863.0,-,8.71
153738,CAPITALMIND FLEXI CAP FUND DIRECT GROWTH,9.5027,31-Mar-2026,Capitalmind Mutual Fund,Flexi Cap,14.76,12.41,15.86,25.63,1.34,-24.64,1.61,3931.0,-,5.81
153739,CAPITALMIND FLEXI CAP FUND REGULAR GROWTH,9.4159,31-Mar-2026,Capitalmind Mutual Fund,Flexi Cap,14.87,16.73,13.77,16.58,1.09,-32.95,2.3,38428.0,-,1.79
119076,DSP Flexi Cap Fund - Direct Plan - Growth,101.251,31-Mar-2026,DSP Mutual Fund,Flexi Cap,17.82,18.81,15.5,19.5,0.99,-30.95,1.02,23287.0,-,5.8
119077,DSP Flexi Cap Fund - Direct Plan - IDCW,74.434,31-Mar-2026,DSP Mutual Fund,Flexi Cap,15.89,12.93,14.27,27.74,0.99,-15.36,1.04,51802.0,-,7.71
105875,DSP Flexi Cap Fund - Regular Plan - Growth,90.399,31-Mar-2026,DSP Mutual Fund,Flexi Cap,18.52,14.25,13.0,21.22,0.48,-34.75,1.54,26544.0,-,-1.5
100080,DSP Flexi Cap Fund - Regular Plan - IDCW,51.292,31-Mar-2026,DSP Mutual Fund,Flexi Cap,22.48,13.21,16.16,18.23,2.14,-11.98,0.75,5274.0,-,15.74
140353,Edelweiss Flexi Cap Fund - Direct Plan - Growth Option,40.549,31-Mar-2026,Edelweiss Mutual Fund,Flexi Cap,10.28,19.57,13.26,17.97,2.07,-33.17,0.83,29395.0,-,10.54
140354,Edelweiss Flexi Cap Fund - Direct Plan - IDCW Option,33.29,31-Mar-2026,Edelweiss Mutual Fund,Flexi Cap,17.4,18.64,12.89,8.87,2.08,-34.28,1.85,870.0,-,7.74
140356,Edelweiss Flexi Cap Fund - Regular - IDCW Option,28.491,31-Mar-2026,Edelweiss Mutual Fund,Flexi Cap,22.87,14.63,12.09,8.68,0.61,-18.82,0.52,14321.0,-,5.84
140355,Edelweiss Flexi Cap Fund - Regular Plan - Growth Option,34.698,31-Mar-2026,Edelweiss Mutual Fund,Flexi Cap,20.65,16.63,13.5,12.47,2.02,-15.49,0.6,55450.0,-,14.96
118535,Franklin India Flexi Cap Fund - Direct - Growth,1619.7255,31-Mar-2026,Franklin Templeton Mutual Fund,Flexi Cap,11.59,15.24,17.68,11.65,1.97,-30.17,2.49,13998.0,-,7.22
118534,Franklin India Flexi Cap Fund - Direct - IDCW,62.6296,31-Mar-2026,Franklin Templeton Mutual Fund,Flexi Cap,12.96,17.38,17.14,12.49,1.38,-21.28,2.02,64431.0,-,8.57
100520,Franklin India Flexi Cap Fund - Growth,1446.847,31-Mar-2026,Franklin Templeton Mutual Fund,Flexi Cap,15.23,15.2,14.82,13.56,0.6,-14.18,1.32,58430.0,-,6.63
100519,Franklin India Flexi Cap Fund - IDCW,55.9826,31-Mar-2026,Franklin Templeton Mutual Fund,Flexi Cap,18.4,16.91,13.61,25.41,0.61,-24.04,0.56,49578.0,-,5.56
118955,HDFC Flexi Cap Fund - Growth Option - Direct Plan,1996.49,31-Mar-2026,HDFC Mutual Fund,Flexi Cap,9.21,15.07,14.9,9.71,1.37,-18.23,0.19,18523.0,-,11.5
101762,HDFC Flexi Cap Fund - Growth Plan,1817.592,31-Mar-2026,HDFC Mutual Fund,Flexi Cap,15.32,17.3,14.03,11.53,1.66,-25.39,0.79,63577.0,-,10.23
118954,HDFC Flexi Cap Fund - IDCW Option - Direct Plan,80.727,31-Mar-2026,HDFC Mutual Fund,Flexi Cap,15.35,17.41,17.58,17.51,1.41,-34.81,2.38,25303.0,-,4.09
101763,HDFC Flexi Cap Fund - IDCW Plan,65.68,31-Mar-2026,HDFC Mutual Fund,Flexi Cap,12.95,14.25,15.53,22.9,1.48,-28.21,0.6,15670.0,-,8.1
152135,Helios Flexi Cap Fund - Direct Plan - Growth Option,13.33,31-Mar-2026,Helios Mutual Fund,Flexi Cap,16.85,18.48,13.16,14.43,2.09,-19.12,0.68,60730.0,-,14.69
152138,Helios Flexi Cap Fund - Direct Plan - IDCW Option,13.33,31-Mar-2026,Helios Mutual Fund,Flexi Cap,17.57,16.13,17.19,24.6,2.05,-23.07,1.89,23399.0,-,11.16
152136,Helios Flexi Cap Fund - Regular Plan - Growth Option,12.88,31-Mar-2026,Helios Mutual Fund,Flexi Cap,11.9,16.19,13.35,15.84,1.58,-13.84,0.73,17239.0,-,12.77
152137,Helios Flexi Cap Fund - Regular Plan - IDCW Option,12.88,31-Mar-2026,Helios Mutual Fund,Flexi Cap,10.09,15.18,14.22,19.47,1.82,-17.11,2.25,7637.0,-,9.81
120046,HSBC Flexi Cap Fund - Direct Growth,215.6594,31-Mar-2026,HSBC Mutual Fund,Flexi Cap,19.59,16.97,13.95,16.35,1.85,-25.4,2.08,66940.0,-,8.44
120045,HSBC Flexi Cap Fund - Direct IDCW,39.2818,31-Mar-2026,HSBC Mutual Fund,Flexi Cap,13.89,15.01,17.67,26.91,1.42,-10.64,1.1,10088.0,-,13.01
102252,HSBC Flexi Cap Fund - Regular Growth,192.3587,31-Mar-2026,HSBC Mutual Fund,Flexi Cap,21.58,13.42,14.45,20.06,0.98,-23.96,1.84,16711.0,-,3.73
102251,HSBC Flexi Cap Fund - Regular IDCW,35.9491,31-Mar-2026,HSBC Mutual Fund,Flexi Cap,23.8,18.21,15.0,18.07,0.45,-23.72,0.25,49253.0,-,6.42
149763,Invesco India Flexi Cap Fund - Direct Plan - Growth,16.77,31-Mar-2026,Invesco Mutual Fund,Flexi Cap,20.12,17.52,13.49,26.97,1.04,-23.35,0.33,75222.0,-,8.59
149765,Invesco India Flexi Cap Fund - Direct Plan - IDCW,15.02,31-Mar-2026,Invesco Mutual Fund,Flexi Cap,13.09,13.58,15.85,22.95,1.98,-25.18,1.13,45906.0,-,10.27
149766,Invesco India Flexi Cap Fund - Regular Plan - Growth,15.75,31-Mar-2026,Invesco Mutual Fund,Flexi Cap,19.07,13.03,15.23,24.81,1.55,-15.41,2.49,47355.0,-,7.93
149764,Invesco India Flexi Cap Fund - Regular Plan - IDCW,14.0,31-Mar-2026,Invesco Mutual Fund,Flexi Cap,10.5,19.56,15.49,9.9,0.65,-33.57,0.59,27355.0,-,4.47
151379,ITI Flexi Cap Fund- Direct Plan- Growth,16.8946,31-Mar-2026,ITI Mutual Fund,Flexi Cap,10.6,13.86,17.44,12.09,1.09,-26.15,2.43,6105.0,-,3.52
151380,ITI Flexi Cap Fund- Direct Plan- IDCW,16.364,31-Mar-2026,ITI Mutual Fund,Flexi Cap,10.16,15.41,12.42,12.82,1.26,-23.05,1.99,75936.0,-,5.3
119436,Aditya Birla Sun Life Large & Mid Cap Fund - Growth - Direct Plan,907.34,31-Mar-2026,Aditya Birla Sun Life Mutual Fund,Mid Cap,16.13,17.94,22.56,9.14,0.46,-27.03,0.47,36952.0,-,7.2
100033,Aditya Birla Sun Life Large & Mid Cap Fund - Regular Growth,811.29,31-Mar-2026,Aditya Birla Sun Life Mutual Fund,Mid Cap,27.99,17.81,23.43,16.55,1.32,-29.24,2.26,71330.0,-,7.46
119433,Aditya Birla Sun Life Large & Mid Cap Fund -Direct - IDCW,182.6,31-Mar-2026,Aditya Birla Sun Life Mutual Fund,Mid Cap,26.87,17.96,22.03,21.71,1.87,-24.4,2.42,48174.0,-,10.98
100034,Aditya Birla Sun Life Large & Mid Cap Fund -Regular - IDCW,118.16,31-Mar-2026,Aditya Birla Sun Life Mutual Fund,Mid Cap,33.24,19.15,16.41,13.98,2.09,-8.96,2.27,2814.0,-,15.81
145110,Axis Large & Mid Cap Fund - Direct Plan - Growth,32.78,31-Mar-2026,Axis Mutual Fund,Mid Cap,34.38,23.71,23.39,25.26,1.94,-21.22,1.12,32555.0,-,17.59
145109,Axis Large & Mid Cap Fund - Direct Plan - IDCW,21.99,31-Mar-2026,Axis Mutual Fund,Mid Cap,33.23,25.42,22.85,22.48,0.6,-30.69,1.99,53187.0,-,6.84
145112,Axis Large & Mid Cap Fund - Regular Plan - Growth,29.53,31-Mar-2026,Axis Mutual Fund,Mid Cap,11.99,23.08,22.06,13.33,1.34,-32.78,0.67,63549.0,-,11.38
145111,Axis Large & Mid Cap Fund - Regular Plan - IDCW,17.22,31-Mar-2026,Axis Mutual Fund,Mid Cap,13.94,27.37,13.77,22.86,1.17,-21.33,1.31,66309.0,-,11.91
152408,Bajaj Finserv Large and Mid Cap Fund- Direct Plan- Growth,11.198,31-Mar-2026,Bajaj Finserv Mutual Fund,Mid Cap,31.9,14.72,23.08,10.52,0.76,-22.73,1.72,34260.0,-,6.35
152405,Bajaj Finserv Large and Mid Cap Fund- Direct Plan- IDCW,11.198,31-Mar-2026,Bajaj Finserv Mutual Fund,Mid Cap,26.26,17.56,13.68,24.71,1.18,-7.52,0.56,22070.0,-,13.65
152406,Bajaj Finserv Large and Mid Cap Fund- Regular Plan- Growth,10.861,31-Mar-2026,Bajaj Finserv Mutual Fund,Mid Cap,30.58,26.69,21.3,21.97,0.78,-34.71,1.57,58073.0,-,7.41
152407,Bajaj Finserv Large and Mid Cap Fund- Regular Plan- IDCW,10.861,31-Mar-2026,Bajaj Finserv Mutual Fund,Mid Cap,23.17,19.06,17.53,10.38,1.72,-34.13,2.44,71922.0,-,6.36
118419,Bandhan Large & Mid Cap Fund - Direct Plan - Growth,144.17,31-Mar-2026,Bandhan Mutual Fund,Mid Cap,24.3,25.12,14.87,27.33,1.36,-27.72,1.54,40577.0,-,9.91
118420,Bandhan Large & Mid Cap Fund - Direct Plan - IDCW,32.072,31-Mar-2026,Bandhan Mutual Fund,Mid Cap,18.51,17.22,22.46,21.06,1.49,-34.43,2.02,8369.0,-,6.71
108596,Bandhan Large & Mid Cap Fund - Regular Plan - Growth,122.694,31-Mar-2026,Bandhan Mutual Fund,Mid Cap,24.96,20.2,21.89,18.76,2.01,-7.86,1.47,40634.0,-,19.4
108597,Bandhan Large & Mid Cap Fund - Regular Plan - IDCW,24.266,31-Mar-2026,Bandhan Mutual Fund,Mid Cap,25.35,25.8,15.32,25.97,1.39,-20.73,2.39,23564.0,-,10.87
119349,BANK OF INDIA Large & Mid Cap Fund Direct  Plan- Quarterly IDCW,26.41,31-Mar-2026,Bank of India Mutual Fund,Mid Cap,30.61,26.36,22.06,18.15,1.35,-20.93,0.68,52674.0,-,16.27
119300,BANK OF INDIA Large & Mid Cap Fund Direct Plan- Bonus,49.11,31-Mar-2026,Bank of India Mutual Fund,Mid Cap,24.89,22.71,19.84,25.8,1.65,-16.5,1.96,11310.0,-,14.42
119350,BANK OF INDIA Large & Mid Cap Fund Direct Plan-Growth,95.1,31-Mar-2026,Bank of India Mutual Fund,Mid Cap,21.95,22.08,13.24,26.72,0.6,-5.95,2.1,68690.0,-,9.82
119346,BANK OF INDIA Large & Mid Cap Fund Direct Plan-Regular IDCW,26.01,31-Mar-2026,Bank of India Mutual Fund,Mid Cap,23.78,26.23,21.76,9.99,0.7,-20.92,0.49,68395.0,-,13.26
110599,BANK OF INDIA Large & Mid Cap Fund Eco Plan- Growth,90.64,31-Mar-2026,Bank of India Mutual Fund,Mid Cap,18.27,26.69,18.99,19.48,1.24,-18.65,2.18,5916.0,-,12.62
110601,BANK OF INDIA Large & Mid Cap Fund Eco Plan-Bonus,90.64,31-Mar-2026,Bank of India Mutual Fund,Mid Cap,31.15,21.93,17.56,9.83,1.35,-17.79,1.44,66120.0,-,12.57
110604,BANK OF INDIA Large & Mid Cap Fund Eco Plan-Quarterly IDCW,25.57,31-Mar-2026,Bank of India Mutual Fund,Mid Cap,32.7,27.01,17.88,24.88,0.93,-22.96,2.49,45043.0,-,8.95
110608,BANK OF INDIA Large & Mid Cap Fund Eco Plan-Regular IDCW,25.38,31-Mar-2026,Bank of India Mutual Fund,Mid Cap,11.25,22.5,15.18,26.37,0.62,-15.15,0.52,61294.0,-,11.07
110603,BANK OF INDIA Large & Mid Cap Fund Regular Plan- Growth,82.03,31-Mar-2026,Bank of India Mutual Fund,Mid Cap,19.71,27.63,15.93,20.35,1.82,-32.89,2.04,34367.0,-,10.98
110598,BANK OF INDIA Large & Mid Cap Fund Regular Plan- Quarterly IDCW,29.87,31-Mar-2026,Bank of India Mutual Fund,Mid Cap,24.08,17.26,18.47,9.21,1.98,-7.21,1.31,57818.0,-,17.56
110607,BANK OF INDIA Large & Mid Cap Fund Regular Plan- Regular IDCW,24.48,31-Mar-2026,Bank of India Mutual Fund,Mid Cap,33.26,19.37,17.6,10.26,2.11,-31.3,1.23,59995.0,-,11.73
110606,BANK OF INDIA Large & Mid Cap Fund Regular Plan-Bonus,82.02,31-Mar-2026,Bank of India Mutual Fund,Mid Cap,23.47,19.63,20.37,26.52,2.05,-32.82,0.95,10376.0,-,12.47
148474,Baroda BNP Paribas Large and Mid Cap Fund- Direct Plan -Growth Option,25.9391,31-Mar-2026,Baroda BNP Paribas Mutual Fund,Mid Cap,24.82,18.96,17.39,26.96,1.91,-26.8,0.12,11787.0,-,14.07
148475,Baroda BNP Paribas Large and Mid Cap Fund-Direct Plan-IDCW Option,18.1897,31-Mar-2026,Baroda BNP Paribas Mutual Fund,Mid Cap,30.24,20.77,13.26,9.51,2.04,-33.11,0.98,31500.0,-,10.59
148471,Baroda BNP Paribas Large and Mid Cap Fund-Regular Plan-Growth Option,23.9305,31-Mar-2026,Baroda BNP Paribas Mutual Fund,Mid Cap,21.68,18.57,16.8,17.56,1.43,-28.51,1.22,62041.0,-,8.62
148472,Baroda BNP Paribas Large and Mid Cap Fund-Regular plan-IDCW Option,15.783,31-Mar-2026,Baroda BNP Paribas Mutual Fund,Mid Cap,27.33,19.37,13.48,12.54,1.86,-8.99,1.37,37065.0,-,15.66
118278,CANARA ROBECO LARGE AND MID CAP FUND - DIRECT PLAN - GROWTH OPTION,253.0,31-Mar-2026,Canara Robeco Mutual Fund,Mid Cap,20.1,25.19,15.52,25.83,1.5,-15.86,0.17,11828.0,-,17.13
118277,CANARA ROBECO LARGE AND MID CAP FUND - DIRECT PLAN - IDCW (Payout/Reinvestment),109.18,31-Mar-2026,Canara Robeco Mutual Fund,Mid Cap,33.32,23.94,16.7,9.51,2.13,-21.5,0.88,50868.0,-,17.03
102920,CANARA ROBECO LARGE AND MID CAP FUND - REGULAR PLAN - GROWTH OPTION,219.38,31-Mar-2026,Canara Robeco Mutual Fund,Mid Cap,17.88,25.14,20.75,11.0,0.61,-11.18,0.85,76220.0,-,14.28
102921,CANARA ROBECO LARGE AND MID CAP FUND - REGULAR PLAN - IDCW (Payout/Reinvestment),71.25,31-Mar-2026,Canara Robeco Mutual Fund,Mid Cap,22.98,21.93,19.46,22.32,1.25,-13.86,0.96,25898.0,-,14.78
119218,DSP Large & Mid Cap Fund - Direct Plan - Growth,628.43,31-Mar-2026,DSP Mutual Fund,Mid Cap,32.74,21.18,15.57,23.02,1.14,-13.15,2.39,1990.0,-,10.12
119219,DSP Large & Mid Cap Fund - Direct Plan - IDCW,93.729,31-Mar-2026,DSP Mutual Fund,Mid Cap,19.64,27.94,15.35,22.47,0.54,-12.55,0.74,29648.0,-,13.24
103819,DSP Large & Mid Cap Fund - Regular Plan - Growth,558.413,31-Mar-2026,DSP Mutual Fund,Mid Cap,33.97,19.04,18.45,8.21,1.13,-32.94,0.3,38979.0,-,8.32
103820,DSP Large & Mid Cap Fund - Regular Plan - IDCW,32.678,31-Mar-2026,DSP Mutual Fund,Mid Cap,26.25,15.66,16.69,23.16,1.06,-18.11,1.98,59870.0,-,7.18
140175,Edelweiss Large & Mid Cap Fund - Direct Plan - Growth Option,93.693,31-Mar-2026,Edelweiss Mutual Fund,Mid Cap,24.19,26.21,18.6,24.7,1.38,-21.93,0.61,46137.0,-,15.16
140172,Edelweiss Large & Mid Cap Fund - Regular Plan - Growth Option,78.859,31-Mar-2026,Edelweiss Mutual Fund,Mid Cap,13.93,17.21,18.11,23.44,1.05,-24.04,0.54,67597.0,-,9.28
140174,Edelweiss Large and Mid Cap Fund - Direct Plan - IDCW Option,36.342,31-Mar-2026,Edelweiss Mutual Fund,Mid Cap,21.74,23.53,18.52,16.55,1.98,-28.76,2.05,33089.0,-,12.14
140173,Edelweiss Large and Mid Cap Fund - Regular Plan - IDCW Option,30.076,31-Mar-2026,Edelweiss Mutual Fund,Mid Cap,30.27,17.59,21.03,23.13,1.08,-28.84,1.02,29052.0,-,8.05
118510,Franklin India Large & Mid Cap Fund - Direct - Growth,185.4251,31-Mar-2026,Franklin Templeton Mutual Fund,Mid Cap,25.71,26.29,21.87,9.66,1.87,-28.79,0.33,66872.0,-,17.13
118509,Franklin India Large & Mid cap Fund - Direct - IDCW,20.0675,31-Mar-2026,Franklin Templeton Mutual Fund,Mid Cap,28.86,23.61,23.6,26.15,2.01,-7.3,1.07,72767.0,-,22.24
102883,Franklin India Large & Mid Cap Fund - Growth Plan,167.9538,31-Mar-2026,Franklin Templeton Mutual Fund,Mid Cap,23.08,27.22,17.75,8.12,1.98,-28.43,2.31,9134.0,-,12.96
102884,Franklin India Large & Mid Cap Fund - IDCW,17.4253,31-Mar-2026,Franklin Templeton Mutual Fund,Mid Cap,27.38,19.19,15.43,18.22,1.7,-11.58,0.47,30733.0,-,16.39
130496,HDFC Large and Mid Cap Fund - Growth Option,299.391,31-Mar-2026,HDFC Mutual Fund,Mid Cap,17.98,19.57,20.34,22.57,1.29,-9.88,1.41,72314.0,-,14.6
130498,HDFC Large and Mid Cap Fund - Growth Option - Direct Plan,316.551,31-Mar-2026,HDFC Mutual Fund,Mid Cap,24.98,27.59,21.58,23.99,0.53,-18.89,0.42,68318.0,-,13.65
130497,HDFC Large and Mid Cap Fund - IDCW Option,30.771,31-Mar-2026,HDFC Mutual Fund,Mid Cap,14.12,21.78,18.47,25.73,0.57,-33.18,2.11,27421.0,-,2.93
130499,HDFC Large and Mid Cap Fund - IDCW Option - Direct Plan,41.104,31-Mar-2026,HDFC Mutual Fund,Mid Cap,14.56,25.91,14.35,9.42,1.75,-10.35,0.91,67076.0,-,18.49
152941,Helios Large & Mid Cap Fund - Direct Plan - Growth Option,9.74,31-Mar-2026,Helios Mutual Fund,Mid Cap,24.91,19.24,15.95,26.86,1.32,-19.99,0.74,4675.0,-,11.6
152942,Helios Large & Mid Cap Fund - Direct Plan - IDCW Option,9.74,31-Mar-2026,Helios Mutual Fund,Mid Cap,12.49,16.55,19.62,23.43,1.55,-8.86,2.35,32638.0,-,12.9
152943,Helios Large & Mid Cap Fund - Regular Plan - Growth Option,9.52,31-Mar-2026,Helios Mutual Fund,Mid Cap,20.85,26.45,21.57,14.23,0.74,-13.05,1.89,30479.0,-,13.06
152944,Helios Large & Mid Cap Fund - Regular Plan - IDCW Option,9.52,31-Mar-2026,Helios Mutual Fund,Mid Cap,13.26,20.17,18.72,24.35,1.34,-12.82,0.95,52807.0,-,14.64
146772,HSBC Large & Mid Cap Fund - Direct Growth,26.9705,31-Mar-2026,HSBC Mutual Fund,Mid Cap,25.56,14.63,13.84,8.83,0.81,-12.99,1.03,1415.0,-,8.1
146770,HSBC Large & Mid Cap Fund - Direct IDCW,18.7772,31-Mar-2026,HSBC Mutual Fund,Mid Cap,32.31,23.08,16.64,13.05,1.46,-28.57,0.95,44592.0,-,11.05
146771,HSBC Large & Mid Cap Fund - Regular Growth,24.4939,31-Mar-2026,HSBC Mutual Fund,Mid Cap,12.19,17.48,15.63,27.97,0.63,-26.38,1.24,12729.0,-,4.44
146769,HSBC Large & Mid Cap Fund - Regular IDCW,16.9615,31-Mar-2026,HSBC Mutual Fund,Mid Cap,32.38,21.08,14.31,17.58,0.58,-18.2,0.5,46984.0,-,9.17
119528,Aditya Birla Sun Life Large Cap Fund - Growth - Direct Plan,517.61,31-Mar-2026,Aditya Birla Sun Life Mutual Fund,Large Cap,11.49,11.48,14.3,10.48,1.08,-18.99,0.99,79665.0,-,6.61
119527,Aditya Birla Sun Life Large Cap Fund-DIRECT - IDCW,83.25,31-Mar-2026,Aditya Birla Sun Life Mutual Fund,Large Cap,20.55,14.87,14.09,26.53,1.9,-19.5,0.62,1227.0,-,12.59
103174,Aditya Birla Sun Life Large Cap Fund-Growth,466.23,31-Mar-2026,Aditya Birla Sun Life Mutual Fund,Large Cap,13.49,11.85,14.95,22.34,1.74,-17.58,1.02,72862.0,-,10.61
103173,Aditya Birla Sun Life Large Cap Fund-Regular - IDCW,34.7,31-Mar-2026,Aditya Birla Sun Life Mutual Fund,Large Cap,11.99,16.82,14.33,15.15,1.3,-11.17,1.11,24861.0,-,11.96
120465,Axis Large Cap Fund - Direct Plan - Growth,62.24,31-Mar-2026,Axis Mutual Fund,Large Cap,19.26,16.41,15.03,22.25,1.11,-31.89,1.29,68462.0,-,4.48
120466,Axis Large Cap Fund - Direct Plan - IDCW,22.55,31-Mar-2026,Axis Mutual Fund,Large Cap,12.52,17.12,11.76,24.0,1.45,-33.97,1.79,60248.0,-,3.86
112277,Axis Large Cap Fund - Regular Plan - Growth,53.78,31-Mar-2026,Axis Mutual Fund,Large Cap,11.88,12.16,13.76,10.29,0.88,-17.73,1.46,70997.0,-,5.15
112278,Axis Large Cap Fund - Regular Plan - IDCW,15.75,31-Mar-2026,Axis Mutual Fund,Large Cap,21.47,12.94,11.39,20.12,0.93,-26.45,2.03,16766.0,-,1.25
152783,BAJAJ FINSERV LARGE CAP FUND - DIRECT PLAN - GROWTH,9.381,31-Mar-2026,Bajaj Finserv Mutual Fund,Large Cap,21.94,15.4,15.79,12.65,1.11,-26.87,0.52,24592.0,-,7.35
152781,BAJAJ FINSERV LARGE CAP FUND - DIRECT PLAN - IDCW,9.381,31-Mar-2026,Bajaj Finserv Mutual Fund,Large Cap,8.16,16.61,14.2,19.55,0.74,-21.35,2.27,12732.0,-,3.66
152780,BAJAJ FINSERV LARGE CAP FUND - REGULAR PLAN - GROWTH,9.158,31-Mar-2026,Bajaj Finserv Mutual Fund,Large Cap,20.96,12.88,11.72,13.95,1.53,-14.08,2.38,54131.0,-,7.33
152782,BAJAJ FINSERV LARGE CAP FUND - REGULAR PLAN - IDCW,9.158,31-Mar-2026,Bajaj Finserv Mutual Fund,Large Cap,16.96,17.98,11.75,26.22,0.75,-9.81,1.65,21821.0,-,8.22
108799,BANDHAN Large Cap Fund - Regular Plan - Growth,69.437,31-Mar-2026,Bandhan Mutual Fund,Large Cap,12.07,17.57,13.83,14.74,1.06,-14.31,1.93,72118.0,-,8.32
108800,BANDHAN Large Cap Fund - Regular Plan - IDCW,19.14,31-Mar-2026,Bandhan Mutual Fund,Large Cap,15.65,12.01,15.62,15.09,1.9,-33.44,0.24,47481.0,-,8.48
118479,BANDHAN Large Cap Fund-Direct Plan-Growth,80.4,31-Mar-2026,Bandhan Mutual Fund,Large Cap,9.71,12.93,11.72,23.98,1.43,-19.46,1.06,51033.0,-,7.88
118478,BANDHAN Large Cap Fund-Direct Plan-IDCW,25.307,31-Mar-2026,Bandhan Mutual Fund,Large Cap,18.22,15.56,14.64,19.46,1.33,-15.29,1.9,69510.0,-,8.88
148980,BANK OF INDIA Large Cap Fund Direct Plan Growth,15.67,31-Mar-2026,Bank of India Mutual Fund,Large Cap,10.64,11.03,14.5,11.04,1.14,-34.4,0.27,78947.0,-,3.6
148981,BANK OF INDIA Large Cap Fund Direct Plan IDCW,15.64,31-Mar-2026,Bank of India Mutual Fund,Large Cap,13.88,11.17,13.86,15.96,1.53,-5.86,0.25,29817.0,-,14.02
148982,BANK OF INDIA Large Cap Fund Regular Plan Growth,14.73,31-Mar-2026,Bank of India Mutual Fund,Large Cap,19.52,17.8,12.54,23.35,0.81,-19.86,1.67,77328.0,-,5.63
148983,BANK OF INDIA Large Cap Fund Regular Plan IDCW,14.73,31-Mar-2026,Bank of India Mutual Fund,Large Cap,12.42,12.26,11.67,25.33,1.96,-21.1,2.15,32103.0,-,7.57
150187,BARODA BNP PARIBAS LARGE CAP Fund - Direct Plan - Growth Option,230.9715,31-Mar-2026,Baroda BNP Paribas Mutual Fund,Large Cap,14.9,14.28,14.89,15.38,2.15,-9.8,2.17,5687.0,-,13.65
150188,BARODA BNP PARIBAS LARGE CAP Fund - Direct Plan - IDCW Option,23.47,31-Mar-2026,Baroda BNP Paribas Mutual Fund,Large Cap,17.06,12.99,12.71,9.77,0.44,-30.5,1.45,28315.0,-,-0.84
150186,BARODA BNP PARIBAS LARGE CAP Fund - Regular Plan - IDCW Option,19.3728,31-Mar-2026,Baroda BNP Paribas Mutual Fund,Large Cap,14.39,14.33,13.52,13.2,1.67,-21.26,0.63,28692.0,-,10.5
150185,BARODA BNP PARIBAS LARGE CAP Fund- Regular Plan - Growth Option,198.5843,31-Mar-2026,Baroda BNP Paribas Mutual Fund,Large Cap,18.84,17.39,15.7,17.31,1.68,-26.67,0.88,10964.0,-,10.31
118269,CANARA ROBECO LARGE CAP FUND - DIRECT PLAN - GROWTH OPTION,64.78,31-Mar-2026,Canara Robeco Mutual Fund,Large Cap,18.84,11.66,15.14,19.13,1.67,-26.99,1.3,68565.0,-,6.86
118270,CANARA ROBECO LARGE CAP FUND - DIRECT PLAN - IDCW (Payout/Reinvestment),47.21,31-Mar-2026,Canara Robeco Mutual Fund,Large Cap,19.38,13.62,12.42,9.31,1.15,-34.25,1.44,30866.0,-,1.77
113221,CANARA ROBECO LARGE CAP FUND - REGULAR PLAN - GROWTH OPTION,55.61,31-Mar-2026,Canara Robeco Mutual Fund,Large Cap,15.15,17.0,15.26,15.64,1.6,-32.23,1.27,47336.0,-,7.17
113222,CANARA ROBECO LARGE CAP FUND - REGULAR PLAN - IDCW (Payout/Reinvestment),25.69,31-Mar-2026,Canara Robeco Mutual Fund,Large Cap,12.43,12.78,13.28,9.92,1.6,-12.64,0.61,77046.0,-,12.08
119250,DSP Large Cap Fund - Direct Plan - Growth,465.655,31-Mar-2026,DSP Mutual Fund,Large Cap,11.9,11.33,14.81,17.41,0.5,-15.77,0.82,58832.0,-,5.1
119249,DSP Large Cap Fund - Direct Plan - IDCW,24.884,31-Mar-2026,DSP Mutual Fund,Large Cap,13.14,12.86,15.56,24.13,1.73,-7.01,2.4,40903.0,-,11.56
101635,DSP Large Cap Fund - Regular Plan - Growth,423.196,31-Mar-2026,DSP Mutual Fund,Large Cap,8.57,16.46,12.16,17.9,1.28,-24.78,0.16,72837.0,-,8.88
101636,DSP Large Cap Fund - Regular Plan - IDCW,21.578,31-Mar-2026,DSP Mutual Fund,Large Cap,12.86,12.21,14.34,17.11,0.72,-10.96,0.67,53617.0,-,8.16
118616,Edelweiss Large Cap Fund - Direct Plan - IDCW Option,35.77,31-Mar-2026,Edelweiss Mutual Fund,Large Cap,21.52,14.46,11.69,14.81,1.6,-18.77,0.52,50051.0,-,10.62
118617,Edelweiss Large Cap Fund - Direct Plan-Growth option,87.82,31-Mar-2026,Edelweiss Mutual Fund,Large Cap,20.78,10.97,12.69,27.02,1.78,-10.7,0.83,46616.0,-,12.22
111938,Edelweiss Large Cap Fund - Plan B - IDCW Option,77.06,31-Mar-2026,Edelweiss Mutual Fund,Large Cap,15.4,10.32,13.67,10.09,2.02,-14.27,0.53,5262.0,-,12.99
111939,Edelweiss Large Cap Fund - Plan C - IDCW Option,61.43,31-Mar-2026,Edelweiss Mutual Fund,Large Cap,14.45,16.77,14.18,15.73,1.65,-28.85,0.61,54153.0,-,9.34
111940,Edelweiss Large Cap Fund - Regular Plan - Growth Option,75.69,31-Mar-2026,Edelweiss Mutual Fund,Large Cap,17.06,14.96,15.25,22.33,1.61,-15.53,0.36,24744.0,-,13.23
111936,Edelweiss Large Cap Fund - Regular Plan - IDCW Option,24.96,31-Mar-2026,Edelweiss Mutual Fund,Large Cap,20.52,17.04,15.73,20.56,1.32,-13.62,1.8,18974.0,-,10.45
111935,Edelweiss Large Cap Fund -Plan B - Growth option,76.15,31-Mar-2026,Edelweiss Mutual Fund,Large Cap,17.03,12.95,14.42,20.92,1.28,-8.08,0.31,5256.0,-,12.86
111937,Edelweiss Large Cap Fund -Plan C - Growth option,75.16,31-Mar-2026,Edelweiss Mutual Fund,Large Cap,8.44,12.51,13.03,17.96,0.85,-24.0,1.26,31870.0,-,3.44
118462,Franklin India Large Cap Fund - Direct - IDCW,45.2613,31-Mar-2026,Franklin Templeton Mutual Fund,Large Cap,18.0,12.9,12.39,12.87,1.13,-20.26,2.42,58444.0,-,3.61
100470,Franklin India Large Cap Fund - IDCW,38.8414,31-Mar-2026,Franklin Templeton Mutual Fund,Large Cap,21.24,11.05,14.52,8.43,1.53,-19.84,1.05,52585.0,-,8.37
118531,Franklin India Large Cap Fund- Direct - Growth,1029.3413,31-Mar-2026,Franklin Templeton Mutual Fund,Large Cap,12.71,10.59,11.35,21.45,1.37,-9.84,0.59,18882.0,-,10.36
100471,Franklin India Large Cap Fund-Growth,924.9896,31-Mar-2026,Franklin Templeton Mutual Fund,Large Cap,13.28,15.23,12.03,25.08,1.16,-31.81,1.29,3213.0,-,3.38
119018,HDFC Large Cap Fund - Growth Option - Direct Plan,1107.286,31-Mar-2026,HDFC Mutual Fund,Large Cap,11.04,17.24,13.22,20.96,0.87,-5.46,0.24,3114.0,-,13.09
102000,HDFC Large Cap Fund - Growth Option - Regular Plan,1019.47,31-Mar-2026,HDFC Mutual Fund,Large Cap,20.27,16.32,15.9,26.18,1.63,-8.96,2.33,6616.0,-,12.1
119017,HDFC Large Cap Fund - IDCW Option - Direct Plan,56.079,31-Mar-2026,HDFC Mutual Fund,Large Cap,14.62,14.07,14.12,26.9,1.71,-11.43,1.21,64744.0,-,12.57
102001,HDFC Large Cap Fund - IDCW Option - Regular Plan,46.688,31-Mar-2026,HDFC Mutual Fund,Large Cap,20.86,12.98,15.32,17.67,1.62,-29.29,0.33,25185.0,-,8.44
120030,HSBC Large Cap Fund - Direct Growth,482.4692,31-Mar-2026,HSBC Mutual Fund,Large Cap,16.4,13.26,12.18,9.81,1.13,-7.64,0.78,56917.0,-,10.76
120029,HSBC Large Cap Fund - Direct IDCW,36.0992,31-Mar-2026,HSBC Mutual Fund,Large Cap,11.84,15.38,12.24,22.06,0.69,-22.7,1.05,58078.0,-,4.36
101594,HSBC Large Cap Fund - Regular Growth,431.8599,31-Mar-2026,HSBC Mutual Fund,Large Cap,19.52,13.94,12.5,25.52,1.13,-15.63,0.32,18967.0,-,9.65
101593,HSBC Large Cap Fund - Regular IDCW,38.256,31-Mar-2026,HSBC Mutual Fund,Large Cap,8.2,16.49,15.89,21.28,1.83,-26.32,0.88,28833.0,-,10.86
120585,ICICI Prudential Large Cap Fund (erstwhile Bluechip Fund)  - Direct Plan - IDCW,55.71,31-Mar-2026,ICICI Prudential Mutual Fund,Large Cap,15.35,14.22,13.33,9.78,2.0,-6.63,2.05,17629.0,-,13.6
108466,ICICI Prudential Large Cap Fund (erstwhile Bluechip Fund)  - Growth,99.87,31-Mar-2026,ICICI Prudential Mutual Fund,Large Cap,19.15,13.56,15.71,19.54,0.52,-11.88,1.62,24054.0,-,5.93
108465,ICICI Prudential Large Cap Fund (erstwhile Bluechip Fund)  - IDCW,26.93,31-Mar-2026,ICICI Prudential Mutual Fund,Large Cap,12.05,10.45,14.05,15.54,1.43,-29.87,0.46,37901.0,-,5.66
120586,ICICI Prudential Large Cap Fund (erstwhile Bluechip Fund) - Direct Plan - Growth,110.11,31-Mar-2026,ICICI Prudential Mutual Fund,Large Cap,11.41,13.57,15.16,23.9,1.54,-10.96,1.7,61535.0,-,10.99
148353,ITI Large Cap Fund - Direct Plan - Growth Option,17.0049,31-Mar-2026,ITI Mutual Fund,Large Cap,12.67,17.84,15.85,16.3,0.61,-29.18,2.41,56423.0,-,1.37
148352,ITI Large Cap Fund - Direct Plan - IDCW Option,16.1389,31-Mar-2026,ITI Mutual Fund,Large Cap,13.33,16.43,13.94,20.48,0.42,-10.73,1.59,16075.0,-,6.46
148351,ITI Large Cap Fund - Regular Plan - Growth Option,15.2865,31-Mar-2026,ITI Mutual Fund,Large Cap,9.9,14.24,11.2,19.8,1.11,-12.31,2.14,50190.0,-,6.63
148354,ITI Large Cap Fund - Regular Plan - IDCW Option,14.4228,31-Mar-2026,ITI Mutual Fund,Large Cap,9.46,12.89,14.88,20.78,0.8,-24.06,0.77,51534.0,-,4.86
153309,BAJAJ FINSERV MULTI CAP FUND - DIRECT - GROWTH,10.216,31-Mar-2026,Bajaj Finserv Mutual Fund,Multi Cap,23.33,18.22,15.97,25.73,1.68,-19.76,0.4,58391.0,-,13.75
153306,BAJAJ FINSERV MULTI CAP FUND - DIRECT - IDCW,10.216,31-Mar-2026,Bajaj Finserv Mutual Fund,Multi Cap,12.7,18.57,15.69,18.37,0.73,-19.77,2.26,63445.0,-,5.33
153307,BAJAJ FINSERV MULTI CAP FUND - REGULAR - GROWTH,10.046,31-Mar-2026,Bajaj Finserv Mutual Fund,Multi Cap,10.51,18.33,16.97,8.3,1.6,-30.31,1.95,57095.0,-,7.43
153308,BAJAJ FINSERV MULTI CAP FUND - REGULAR - IDCW,10.046,31-Mar-2026,Bajaj Finserv Mutual Fund,Multi Cap,16.26,16.54,14.64,18.92,1.64,-11.46,0.8,49137.0,-,14.17
149303,BANDHAN MULTI CAP FUND - GROWTH - DIRECT PLAN,16.079,31-Mar-2026,Bandhan Mutual Fund,Multi Cap,18.48,13.36,13.43,13.6,2.0,-11.44,0.6,8775.0,-,14.74
149305,BANDHAN MULTI CAP FUND - GROWTH - REGULAR PLAN,15.046,31-Mar-2026,Bandhan Mutual Fund,Multi Cap,19.82,20.73,14.41,11.73,0.62,-26.47,1.49,73256.0,-,4.79
149304,BANDHAN MULTI CAP FUND - IDCW - DIRECT PLAN,14.168,31-Mar-2026,Bandhan Mutual Fund,Multi Cap,23.6,12.87,12.48,13.48,0.41,-23.89,1.66,57844.0,-,0.46
149302,BANDHAN MULTI CAP FUND - IDCW - REGULAR PLAN,13.119,31-Mar-2026,Bandhan Mutual Fund,Multi Cap,15.34,14.92,12.6,23.05,0.96,-24.19,1.32,70617.0,-,4.65
151443,Bank of India Multi Cap Fund Direct Plan - Growth,17.26,31-Mar-2026,Bank of India Mutual Fund,Multi Cap,18.18,21.55,14.37,9.18,0.89,-16.21,2.39,30805.0,-,7.74
151444,Bank of India Multi Cap Fund Direct Plan - IDCW,17.23,31-Mar-2026,Bank of India Mutual Fund,Multi Cap,13.21,20.17,13.91,24.48,0.72,-34.19,0.74,16375.0,-,4.1
151445,Bank of India Multi Cap Fund Regular Plan - Growth,16.68,31-Mar-2026,Bank of India Mutual Fund,Multi Cap,16.49,19.7,15.0,11.57,1.99,-5.63,1.66,47091.0,-,17.32
151446,Bank of India Multi Cap Fund Regular Plan - IDCW,16.67,31-Mar-2026,Bank of India Mutual Fund,Multi Cap,14.73,19.58,12.36,11.63,2.01,-15.99,1.34,78321.0,-,14.11
119354,Baroda BNP Paribas MULTI CAP FUND - Direct Plan - Growth Option,286.4795,31-Mar-2026,Baroda BNP Paribas Mutual Fund,Multi Cap,19.57,14.02,17.44,12.05,2.19,-5.83,1.38,14796.0,-,17.28
119353,Baroda BNP Paribas MULTI CAP FUND - Direct Plan - IDCW Option,48.7335,31-Mar-2026,Baroda BNP Paribas Mutual Fund,Multi Cap,20.15,14.05,16.29,26.98,0.67,-5.91,0.69,26727.0,-,10.7
102020,Baroda BNP Paribas MULTI CAP FUND - Regular Plan - Growth Option,253.3794,31-Mar-2026,Baroda BNP Paribas Mutual Fund,Multi Cap,24.48,15.65,17.9,22.98,1.99,-14.46,1.26,11307.0,-,14.72
102021,Baroda BNP Paribas MULTI CAP FUND - Regular Plan - IDCW Option,45.545,31-Mar-2026,Baroda BNP Paribas Mutual Fund,Multi Cap,10.42,21.32,15.04,15.75,0.56,-5.51,0.95,55839.0,-,12.29
151824,Canara Robeco Multi Cap Fund - Direct Plan - Growth Option,13.36,31-Mar-2026,Canara Robeco Mutual Fund,Multi Cap,22.72,18.31,16.2,27.23,1.45,-22.5,1.14,46404.0,-,10.4
151822,Canara Robeco Multi Cap Fund - Direct Plan - IDCW Option,12.56,31-Mar-2026,Canara Robeco Mutual Fund,Multi Cap,15.95,20.55,14.64,19.07,0.82,-11.71,0.48,48337.0,-,12.24
151821,Canara Robeco Multi Cap Fund - Regular Plan - Growth Option,12.85,31-Mar-2026,Canara Robeco Mutual Fund,Multi Cap,14.09,16.41,15.77,16.89,0.84,-22.45,0.86,7296.0,-,7.04
151823,Canara Robeco Multi Cap Fund - Regular Plan - IDCW Option,12.08,31-Mar-2026,Canara Robeco Mutual Fund,Multi Cap,24.78,16.91,17.32,23.5,1.83,-14.78,0.6,32828.0,-,15.48
152094,Edelweiss Multi Cap Fund - Direct Plan - Growth,14.0101,31-Mar-2026,Edelweiss Mutual Fund,Multi Cap,12.15,17.94,16.13,20.66,1.45,-13.4,0.14,50762.0,-,14.97
152093,Edelweiss Multi Cap Fund - Direct Plan - IDCW,14.0101,31-Mar-2026,Edelweiss Mutual Fund,Multi Cap,13.43,14.15,15.75,18.67,1.62,-23.33,1.08,33171.0,-,9.33
152095,Edelweiss Multi Cap Fund - Regular Plan - Growth,13.4859,31-Mar-2026,Edelweiss Mutual Fund,Multi Cap,13.25,21.26,12.22,19.13,0.51,-25.56,1.09,11213.0,-,4.87
152096,Edelweiss Multi Cap Fund - Regular Plan - IDCW,13.4859,31-Mar-2026,Edelweiss Mutual Fund,Multi Cap,16.12,15.12,15.0,11.08,0.92,-15.76,2.36,70231.0,-,5.7
152739,Franklin India Multi Cap Fund - Direct - Growth,9.253,31-Mar-2026,Franklin Templeton Mutual Fund,Multi Cap,20.82,18.52,11.35,11.85,0.54,-11.42,0.65,59472.0,-,8.79
152737,Franklin India Multi Cap Fund - Direct - IDCW,9.253,31-Mar-2026,Franklin Templeton Mutual Fund,Multi Cap,10.5,16.46,18.07,12.43,1.93,-26.78,1.91,52232.0,-,9.8
152738,Franklin India Multi Cap Fund - Growth,9.0299,31-Mar-2026,Franklin Templeton Mutual Fund,Multi Cap,11.39,17.94,11.39,17.69,1.13,-6.44,1.72,77035.0,-,10.87
152740,Franklin India Multi Cap Fund - IDCW,9.0299,31-Mar-2026,Franklin Templeton Mutual Fund,Multi Cap,17.67,12.72,11.37,20.41,0.8,-14.54,1.91,953.0,-,4.32
149366,HDFC Multi Cap Fund - Growth Option,16.534,31-Mar-2026,HDFC Mutual Fund,Multi Cap,21.87,12.5,19.0,22.54,0.96,-28.73,1.65,36878.0,-,3.58
149368,HDFC Multi Cap Fund - Growth Option - Direct Plan,17.396,31-Mar-2026,HDFC Mutual Fund,Multi Cap,12.83,13.42,15.24,9.0,2.17,-16.82,0.74,46461.0,-,14.26
149365,HDFC Multi Cap Fund - IDCW Option,14.978,31-Mar-2026,HDFC Mutual Fund,Multi Cap,25.04,18.76,14.24,14.51,0.55,-5.34,2.07,68559.0,-,8.78
149367,HDFC Multi Cap Fund - IDCW Option - Direct Plan,15.897,31-Mar-2026,HDFC Mutual Fund,Multi Cap,25.94,14.28,13.06,15.12,0.8,-19.12,0.46,43520.0,-,6.97
151290,HSBC Multi Cap Fund - Direct - Growth,17.4248,31-Mar-2026,HSBC Mutual Fund,Multi Cap,10.73,18.83,13.29,15.17,1.83,-7.46,0.44,41479.0,-,17.55
151291,HSBC Multi Cap Fund - Direct - IDCW,16.8306,31-Mar-2026,HSBC Mutual Fund,Multi Cap,10.44,19.25,11.03,9.7,1.37,-12.64,0.68,26066.0,-,12.71
151289,HSBC Multi Cap Fund - Regular - Growth,16.7186,31-Mar-2026,HSBC Mutual Fund,Multi Cap,23.74,20.15,13.47,24.37,1.07,-5.08,1.48,63115.0,-,12.97
151292,HSBC Multi Cap Fund - Regular - IDCW,13.7437,31-Mar-2026,HSBC Mutual Fund,Multi Cap,18.01,16.96,16.12,17.84,0.8,-21.19,0.55,38543.0,-,8.16
147183,ITI Multi Cap Fund - Direct Plan - Growth Option,24.3615,31-Mar-2026,ITI Mutual Fund,Multi Cap,15.14,12.53,14.03,26.33,0.54,-9.69,1.48,24137.0,-,6.05
147186,ITI Multi Cap Fund - Direct Plan - IDCW Option,21.5522,31-Mar-2026,ITI Mutual Fund,Multi Cap,13.1,20.3,16.07,14.86,1.23,-28.39,1.97,57517.0,-,6.63
147184,ITI Multi Cap Fund - Regular Plan - Growth Option,21.3328,31-Mar-2026,ITI Mutual Fund,Multi Cap,17.95,14.63,17.99,11.36,1.84,-13.2,1.26,55836.0,-,13.97
147185,ITI Multi Cap Fund - Regular Plan - IDCW Option,18.6604,31-Mar-2026,ITI Mutual Fund,Multi Cap,25.25,19.66,17.64,15.29,0.87,-24.53,0.93,3848.0,-,8.29
150659,LIC MF Multi Cap Fund-Direct Plan-Growth,15.8647,31-Mar-2026,LIC Mutual Fund,Multi Cap,22.18,12.47,17.86,23.87,1.71,-12.67,2.24,1101.0,-,10.62
150660,LIC MF Multi Cap Fund-Direct Plan-IDCW,15.8647,31-Mar-2026,LIC Mutual Fund,Multi Cap,11.53,13.07,17.06,19.73,1.34,-11.0,2.15,44552.0,-,9.45
150661,LIC MF Multi Cap Fund-Regular Plan-Growth,15.0066,31-Mar-2026,LIC Mutual Fund,Multi Cap,23.7,20.74,16.82,24.88,1.49,-32.19,2.14,56390.0,-,6.85
150662,LIC MF Multi Cap Fund-Regular Plan-IDCW,15.0066,31-Mar-2026,LIC Mutual Fund,Multi Cap,13.52,16.65,15.73,10.27,1.27,-6.41,2.3,30983.0,-,11.21
141223,Mahindra Manulife Multi Cap Fund - Direct Plan - IDCW,27.0377,31-Mar-2026,Mahindra Manulife Mutual Fund,Multi Cap,12.04,16.7,13.01,24.14,1.82,-28.95,0.24,60975.0,-,10.52
141226,Mahindra Manulife Multi Cap Fund - Direct Plan -Growth,37.7794,31-Mar-2026,Mahindra Manulife Mutual Fund,Multi Cap,13.01,16.56,14.88,24.21,0.42,-7.7,2.05,17722.0,-,6.78
141224,Mahindra Manulife Multi Cap Fund - Regular Plan - Growth,32.2493,31-Mar-2026,Mahindra Manulife Mutual Fund,Multi Cap,18.83,18.2,12.14,13.0,0.72,-33.92,2.09,7650.0,-,0.17
141225,Mahindra Manulife Multi Cap Fund - Regular Plan - IDCW,21.9973,31-Mar-2026,Mahindra Manulife Mutual Fund,Multi Cap,20.61,14.13,16.0,13.76,2.1,-33.9,1.96,2967.0,-,6.86
152650,Motilal Oswal Multi Cap Fund Regular Plan Growth,10.7769,31-Mar-2026,Motilal Oswal Mutual Fund,Multi Cap,13.47,18.49,13.01,18.54,0.97,-12.55,2.02,31418.0,-,8.34
152649,Motilal Oswal Multi Cap Fund Regular Plan IDCW,10.6151,31-Mar-2026,Motilal Oswal Mutual Fund,Multi Cap,12.19,15.7,11.17,15.43,0.45,-7.66,1.45,66768.0,-,6.68
152651,Motilal Oswal Multi Cap Fund-Direct Plan Growth,11.0323,31-Mar-2026,Motilal Oswal Mutual Fund,Multi Cap,17.91,19.89,17.75,11.83,1.4,-17.23,1.08,24595.0,-,12.95
152652,Motilal Oswal Multi Cap Fund-Direct Plan IDCW,10.8704,31-Mar-2026,Motilal Oswal Mutual Fund,Multi Cap,13.32,14.23,13.93,20.17,1.3,-28.69,1.05,26923.0,-,5.66
118652,NIPPON INDIA MULTI CAP FUND - DIRECT Plan - IDCW Option,75.7734,31-Mar-2026,Nippon India Mutual Fund,Multi Cap,21.92,18.5,13.38,21.88,0.75,-8.83,1.0,68766.0,-,10.52
118651,Nippon India Multi Cap Fund - Direct Plan Growth Plan - Bonus Option,292.8442,31-Mar-2026,Nippon India Mutual Fund,Multi Cap,20.01,14.28,13.43,14.48,0.85,-34.59,1.7,15252.0,-,0.21
118650,Nippon India Multi Cap Fund - Direct Plan Growth Plan - Growth Option,292.8442,31-Mar-2026,Nippon India Mutual Fund,Multi Cap,15.82,16.69,13.34,9.12,0.72,-32.03,0.63,70460.0,-,3.41
101163,NIPPON INDIA MULTI CAP FUND - IDCW Option,52.2875,31-Mar-2026,Nippon India Mutual Fund,Multi Cap,15.29,20.7,11.44,15.86,1.93,-24.57,0.57,69108.0,-,12.85
106252,Nippon India Multi Cap Fund Institutional Dividend Plan,44.8994,13-Jul-2016,Nippon India Mutual Fund,Multi Cap,13.55,15.77,17.04,9.75,0.89,-10.95,0.99,68511.0,-,10.6
106253,Nippon India Multi Cap Fund Institutional Plan Growth Plan Growth Option,21.9544,25-Apr-2017,Nippon India Mutual Fund,Multi Cap,21.57,20.1,14.02,22.17,2.18,-10.77,2.5,15849.0,-,14.91
101162,Nippon India Multi Cap Fund-Growth Plan-Bonus Option,265.4306,31-Mar-2026,Nippon India Mutual Fund,Multi Cap,21.44,17.73,16.96,21.24,0.44,-13.75,1.42,652.0,-,7.41
101161,Nippon India Multi Cap Fund-Growth Plan-Growth Option,265.4306,31-Mar-2026,Nippon India Mutual Fund,Multi Cap,12.36,14.95,14.28,23.66,1.76,-20.97,2.44,6633.0,-,7.89
154215,Abakkus Small Cap Fund - Direct Plan - Growth,9.86,31-Mar-2026,Abakkus Mutual Fund,Small Cap,10.93,26.53,19.1,26.01,2.17,-26.13,0.46,12479.0,-,18.43
154214,Abakkus Small Cap Fund - Regular  Plan - Growth,9.855,31-Mar-2026,Abakkus Mutual Fund,Small Cap,38.54,26.0,15.72,19.22,2.1,-22.66,0.95,72094.0,-,16.92
105804,Aditya Birla Sun Life Small Cap Fund - GROWTH,76.2218,31-Mar-2026,Aditya Birla Sun Life Mutual Fund,Small Cap,18.47,30.18,24.49,8.27,1.36,-26.39,2.35,60474.0,-,13.6
119556,Aditya Birla Sun Life Small Cap Fund - Growth - Direct Plan,87.1733,31-Mar-2026,Aditya Birla Sun Life Mutual Fund,Small Cap,33.33,31.95,23.47,14.96,2.08,-30.1,1.69,33722.0,-,17.81
119557,Aditya Birla Sun Life Small Cap Fund -Direct - IDCW,61.1887,31-Mar-2026,Aditya Birla Sun Life Mutual Fund,Small Cap,38.36,20.26,12.84,8.19,0.78,-32.95,1.83,74096.0,-,2.31
105805,Aditya Birla Sun Life Small Cap Fund -Regular - IDCW,31.5451,31-Mar-2026,Aditya Birla Sun Life Mutual Fund,Small Cap,28.77,15.03,18.42,12.92,1.13,-5.9,0.53,54059.0,-,14.36
125354,Axis Small Cap Fund - Direct Plan - Growth,108.18,31-Mar-2026,Axis Mutual Fund,Small Cap,41.14,17.04,25.37,24.77,1.63,-9.87,1.6,40728.0,-,16.42
125351,Axis Small Cap Fund - Direct Plan - IDCW,43.64,31-Mar-2026,Axis Mutual Fund,Small Cap,14.5,28.66,23.0,19.12,2.05,-17.04,2.43,47567.0,-,18.64
125350,Axis Small Cap Fund - Regular Plan - Growth,92.95,31-Mar-2026,Axis Mutual Fund,Small Cap,12.21,16.95,20.82,21.06,1.95,-6.32,2.0,45064.0,-,16.88
125352,Axis Small Cap Fund - Regular Plan - IDCW,37.02,31-Mar-2026,Axis Mutual Fund,Small Cap,35.5,22.63,17.4,26.29,1.14,-23.54,2.05,33995.0,-,8.81
153612,BAJAJ FINSERV SMALL CAP FUND - DIRECT - GROWTH,8.488,31-Mar-2026,Bajaj Finserv Mutual Fund,Small Cap,37.34,16.76,12.87,14.07,0.79,-8.79,0.25,57577.0,-,11.38
153611,BAJAJ FINSERV SMALL CAP FUND - DIRECT - IDCW,8.488,31-Mar-2026,Bajaj Finserv Mutual Fund,Small Cap,42.54,27.45,21.43,25.74,1.41,-32.83,2.17,39769.0,-,10.27
153609,BAJAJ FINSERV SMALL CAP FUND - REGULAR - GROWTH,8.395,31-Mar-2026,Bajaj Finserv Mutual Fund,Small Cap,42.42,27.04,22.14,27.55,1.47,-7.98,2.1,79995.0,-,18.21
153610,BAJAJ FINSERV SMALL CAP FUND - REGULAR - IDCW,8.395,31-Mar-2026,Bajaj Finserv Mutual Fund,Small Cap,37.45,30.95,20.41,10.03,1.07,-14.55,0.69,27121.0,-,18.11
147946,BANDHAN SMALL CAP FUND - DIRECT PLAN GROWTH,44.632,31-Mar-2026,Bandhan Mutual Fund,Small Cap,13.81,14.39,24.42,25.6,1.6,-34.81,0.17,52986.0,-,10.3
147943,BANDHAN SMALL CAP FUND - DIRECT PLAN IDCW,31.063,31-Mar-2026,Bandhan Mutual Fund,Small Cap,16.62,16.8,22.46,9.76,1.76,-19.07,2.22,59050.0,-,12.1
147944,BANDHAN SMALL CAP FUND - REGULAR PLAN GROWTH,40.564,31-Mar-2026,Bandhan Mutual Fund,Small Cap,10.12,21.04,25.12,26.78,1.57,-17.57,2.34,29983.0,-,13.85
147945,BANDHAN SMALL CAP FUND - REGULAR PLAN IDCW,28.238,31-Mar-2026,Bandhan Mutual Fund,Small Cap,34.91,20.14,19.22,26.67,1.33,-13.15,1.66,70100.0,-,13.21
145678,BANK OF INDIA Small Cap Fund Direct Plan Growth,45.5,31-Mar-2026,Bank of India Mutual Fund,Small Cap,19.96,29.0,14.84,24.82,2.17,-11.24,1.47,40871.0,-,20.59
145675,BANK OF INDIA Small Cap Fund Direct Plan IDCW,34.07,31-Mar-2026,Bank of India Mutual Fund,Small Cap,31.3,14.82,22.74,12.28,1.99,-21.27,2.24,2767.0,-,11.84
145677,BANK OF INDIA Small Cap Fund Regular Plan Growth,40.39,31-Mar-2026,Bank of India Mutual Fund,Small Cap,26.24,12.85,25.56,18.83,1.26,-23.08,2.1,47661.0,-,7.98
145676,BANK OF INDIA Small Cap Fund Regular Plan IDCW,29.45,31-Mar-2026,Bank of India Mutual Fund,Small Cap,43.25,31.08,19.91,21.2,0.64,-15.57,1.99,5837.0,-,12.95
152128,Baroda BNP Paribas Small Cap Fund - Direct Plan - Growth option,11.9698,31-Mar-2026,Baroda BNP Paribas Mutual Fund,Small Cap,25.6,19.8,27.25,24.86,1.13,-14.45,0.36,61878.0,-,16.69
152129,Baroda BNP Paribas Small Cap Fund - Direct Plan - IDCW option,11.6804,31-Mar-2026,Baroda BNP Paribas Mutual Fund,Small Cap,25.94,15.78,12.49,26.48,2.05,-24.53,2.44,24781.0,-,8.07
152130,Baroda BNP Paribas Small Cap Fund - Regular Plan - Growth option,11.5671,31-Mar-2026,Baroda BNP Paribas Mutual Fund,Small Cap,9.43,31.51,12.98,14.34,1.43,-28.23,1.57,40855.0,-,12.04
152131,Baroda BNP Paribas Small Cap Fund - Regular Plan - IDCW option,11.2715,31-Mar-2026,Baroda BNP Paribas Mutual Fund,Small Cap,30.36,21.82,22.62,19.37,1.49,-26.63,2.21,23094.0,-,10.55
146130,CANARA ROBECO SMALL CAP FUND - DIRECT PLAN - GROWTH OPTION,37.37,31-Mar-2026,Canara Robeco Mutual Fund,Small Cap,6.56,31.75,23.03,21.78,0.94,-15.56,2.5,66832.0,-,14.64
146131,CANARA ROBECO SMALL CAP FUND - DIRECT PLAN - IDCW (Payout/Reinvestment),32.37,31-Mar-2026,Canara Robeco Mutual Fund,Small Cap,18.97,14.32,13.77,11.97,0.41,-34.19,1.03,76587.0,-,-0.41
146127,CANARA ROBECO SMALL CAP FUND - REGULAR PLAN - GROWTH OPTION,33.55,31-Mar-2026,Canara Robeco Mutual Fund,Small Cap,39.51,20.32,27.8,23.18,0.78,-29.94,2.33,8810.0,-,6.73
146128,CANARA ROBECO SMALL CAP FUND - REGULAR PLAN - IDCW (Payout/Reinvestment),28.72,31-Mar-2026,Canara Robeco Mutual Fund,Small Cap,20.24,20.86,23.15,27.8,1.47,-17.81,1.7,36878.0,-,13.9
119212,DSP Small Cap Fund - Direct Plan - Growth,193.476,31-Mar-2026,DSP Mutual Fund,Small Cap,42.78,20.05,14.42,8.99,0.63,-5.25,2.35,20720.0,-,9.22
119213,DSP Small Cap Fund - Direct Plan - IDCW,53.105,31-Mar-2026,DSP Mutual Fund,Small Cap,26.06,23.47,22.04,20.38,1.12,-13.67,0.19,8353.0,-,17.12
105989,DSP Small Cap Fund - Regular - Growth,174.97,31-Mar-2026,DSP Mutual Fund,Small Cap,12.07,28.22,21.33,14.31,1.62,-26.12,0.22,48599.0,-,17.51
113153,DSP Small Cap Fund - Regular - IDCW,47.942,31-Mar-2026,DSP Mutual Fund,Small Cap,18.18,21.91,12.26,27.95,1.46,-29.02,0.17,51066.0,-,10.7
146196,Edelweiss Small Cap Fund - Direct Plan - Growth,42.869,31-Mar-2026,Edelweiss Mutual Fund,Small Cap,9.94,24.16,22.33,13.54,0.85,-29.44,2.33,6920.0,-,7.12
146197,Edelweiss Small Cap Fund - Direct Plan - IDCW Option,37.503,31-Mar-2026,Edelweiss Mutual Fund,Small Cap,7.65,16.71,23.62,21.62,1.02,-31.62,1.15,46025.0,-,7.08
146193,Edelweiss Small Cap Fund - Regular Plan - Growth,38.404,31-Mar-2026,Edelweiss Mutual Fund,Small Cap,19.52,28.9,22.94,22.11,1.18,-20.53,0.85,71571.0,-,16.48
146194,Edelweiss Small Cap Fund - Regular Plan - IDCW Option,33.372,31-Mar-2026,Edelweiss Mutual Fund,Small Cap,8.09,29.27,16.89,21.06,2.06,-10.16,1.63,57796.0,-,20.77
118525,Franklin India Small Cap Fund - Direct - Growth,164.9012,31-Mar-2026,Franklin Templeton Mutual Fund,Small Cap,5.45,13.23,13.83,26.54,1.94,-9.86,0.31,31747.0,-,15.56
118524,Franklin India Small Cap Fund - Direct - IDCW,42.8575,31-Mar-2026,Franklin Templeton Mutual Fund,Small Cap,29.71,12.37,24.57,8.48,0.68,-9.94,2.19,63668.0,-,8.36
103361,Franklin India Small Cap Fund - IDCW,36.2098,31-Mar-2026,Franklin Templeton Mutual Fund,Small Cap,33.11,28.84,20.43,16.72,0.48,-12.21,0.62,37178.0,-,15.16
103360,Franklin India Small Cap Fund-Growth,144.8533,31-Mar-2026,Franklin Templeton Mutual Fund,Small Cap,23.2,28.89,23.23,14.12,2.01,-17.3,1.8,58427.0,-,19.79
154104,Groww Small Cap Fund - Direct-IDCW,9.2336,31-Mar-2026,Groww Mutual Fund,Small Cap,16.65,12.48,15.76,23.3,0.92,-6.86,1.78,33678.0,-,8.7
154063,Groww Small Cap Fund-Direct-Growth,9.2336,31-Mar-2026,Groww Mutual Fund,Small Cap,32.82,26.49,24.69,9.74,1.85,-31.27,0.97,55256.0,-,15.93
154102,Groww Small Cap Fund-Regular-Growth,9.2054,31-Mar-2026,Groww Mutual Fund,Small Cap,11.33,27.77,24.23,27.54,2.16,-25.98,2.35,68846.0,-,16.68
154103,Groww Small Cap Fund-Regular-IDCW,9.2054,31-Mar-2026,Groww Mutual Fund,Small Cap,29.22,12.45,13.89,20.8,1.59,-8.27,2.48,73838.0,-,9.66
130502,HDFC Small Cap Fund - Growth Option,118.361,31-Mar-2026,HDFC Mutual Fund,Small Cap,37.73,28.89,26.14,22.25,0.57,-6.92,0.31,63979.0,-,19.55
130503,HDFC Small Cap Fund - Growth Option - Direct Plan,135.383,31-Mar-2026,HDFC Mutual Fund,Small Cap,38.77,28.65,21.08,18.09,0.63,-12.72,2.19,51965.0,-,12.74
130501,HDFC Small Cap Fund - IDCW Option,34.348,31-Mar-2026,HDFC Mutual Fund,Small Cap,29.87,24.16,13.34,10.43,2.11,-19.41,1.7,11674.0,-,14.99
130504,HDFC Small Cap Fund - IDCW Option - Direct Plan,54.807,31-Mar-2026,HDFC Mutual Fund,Small Cap,7.43,16.21,14.84,9.12,1.02,-15.14,1.34,27145.0,-,8.81
153912,Helios Small Cap Fund - Direct Plan - Growth Option,8.44,31-Mar-2026,Helios Mutual Fund,Small Cap,13.81,24.14,14.03,24.26,2.09,-30.59,1.35,40869.0,-,12.44
153910,Helios Small Cap Fund - Direct Plan - IDCW Option,8.44,31-Mar-2026,Helios Mutual Fund,Small Cap,33.91,14.77,23.05,9.67,1.84,-22.67,1.18,28879.0,-,12.86
153909,Helios Small Cap Fund - Regular Plan - Growth Option,8.39,31-Mar-2026,Helios Mutual Fund,Small Cap,37.68,18.98,13.39,22.52,2.17,-32.9,0.16,65110.0,-,12.27
153911,Helios Small Cap Fund - Regular Plan - IDCW Option,8.39,31-Mar-2026,Helios Mutual Fund,Small Cap,34.09,15.18,16.41,10.45,1.13,-24.58,0.27,68586.0,-,8.73
151130,HSBC Small Cap Fund - Direct Growth,76.025,31-Mar-2026,HSBC Mutual Fund,Small Cap,16.28,15.08,19.86,11.09,1.62,-21.14,0.22,74736.0,-,13.31
151132,HSBC Small Cap Fund - Direct IDCW,39.3406,31-Mar-2026,HSBC Mutual Fund,Small Cap,43.89,30.27,22.44,8.74,0.64,-18.44,1.52,50335.0,-,13.47
151133,HSBC Small Cap Fund - Regular Growth,67.9376,31-Mar-2026,HSBC Mutual Fund,Small Cap,29.34,31.64,24.92,27.3,1.14,-6.15,0.7,77998.0,-,22.59
151131,HSBC Small Cap Fund - Regular IDCW,33.7828,31-Mar-2026,HSBC Mutual Fund,Small Cap,13.35,30.97,23.04,11.71,1.14,-23.08,1.13,65825.0,-,15.82
147919,ITI Small Cap Fund - Direct Plan - Growth Option,27.9277,31-Mar-2026,ITI Mutual Fund,Small Cap,38.05,31.69,24.53,15.95,0.51,-6.52,1.19,48099.0,-,18.25
147917,ITI Small Cap Fund - Direct Plan - IDCW Option,26.4751,31-Mar-2026,ITI Mutual Fund,Small Cap,12.77,20.62,22.68,16.73,1.42,-28.03,1.2,5920.0,-,11.34
120700,ICICI Prudential Thematic Advantage Fund (FOF) - Direct Plan - Growth,219.0311,30-Mar-2026,ICICI Prudential Mutual Fund,Sectoral/Thematic,53.47,31.57,30.98,24.93,0.89,-28.72,1.35,12222.0,Diversified,15.06
102135,ICICI Prudential Thematic Advantage Fund (FOF) - Growth,203.487,30-Mar-2026,ICICI Prudential Mutual Fund,Sectoral/Thematic,18.58,38.48,27.43,27.66,2.0,-17.85,2.19,524.0,Diversified,23.89
102136,ICICI Prudential Thematic Advantage Fund (FOF) - IDCW,157.7407,30-Mar-2026,ICICI Prudential Mutual Fund,Sectoral/Thematic,46.66,10.81,12.1,18.13,2.0,-5.52,0.8,75088.0,Diversified,14.7
